<?xml version="1.0" encoding="UTF-8"?>
<metadata modelVersion="1.1.0">
  <groupId>org.springframework.ai</groupId>
  <artifactId>spring-ai-azure-openai</artifactId>
  <version>1.0.0-SNAPSHOT</version>
  <versioning>
    <snapshot>
      <timestamp>20240910.120156</timestamp>
      <buildNumber>577</buildNumber>
    </snapshot>
    <lastUpdated>20240910121005</lastUpdated>
    <snapshotVersions>
      <snapshotVersion>
        <classifier>javadoc</classifier>
        <extension>jar</extension>
        <value>1.0.0-20240910.120156-577</value>
        <updated>20240910120156</updated>
      </snapshotVersion>
      <snapshotVersion>
        <classifier>sources</classifier>
        <extension>jar</extension>
        <value>1.0.0-20240910.120156-577</value>
        <updated>20240910120156</updated>
      </snapshotVersion>
      <snapshotVersion>
        <extension>jar</extension>
        <value>1.0.0-20240910.120156-577</value>
        <updated>20240910120156</updated>
      </snapshotVersion>
      <snapshotVersion>
        <extension>pom</extension>
        <value>1.0.0-20240910.120156-577</value>
        <updated>20240910120156</updated>
      </snapshotVersion>
    </snapshotVersions>
  </versioning>
</metadata>
