<?xml version='1.0' encoding='UTF-8'?>
<?artifactRepository version='1.1.0'?>
<repository name='download cache' type='org.eclipse.equinox.p2.artifact.repository.simpleRepository' version='1.0.0'>
  <properties size='2'>
    <property name='p2.system' value='true'/>
    <property name='p2.timestamp' value='1736431424688'/>
  </properties>
  <mappings size='3'>
    <rule filter='(&amp; (classifier=osgi.bundle))' output='${repoUrl}/plugins/${id}_${version}.jar'/>
    <rule filter='(&amp; (classifier=binary))' output='${repoUrl}/binary/${id}_${version}'/>
    <rule filter='(&amp; (classifier=org.eclipse.update.feature))' output='${repoUrl}/features/${id}_${version}.jar'/>
  </mappings>
  <artifacts size='4'>
    <artifact classifier='binary' id='org.eclipse.mat.ui.rcp.MemoryAnalyzer.executable.win32.win32.x86_64' version='1.16.1.202501091339'>
      <properties size='1'>
        <property name='download.size' value='283464'/>
      </properties>
    </artifact>
    <artifact classifier='binary' id='org.eclipse.mat.ui.rcp.feature_root.win32.win32.x86_64' version='1.16.1.202501091339'>
      <properties size='1'>
        <property name='download.size' value='448'/>
      </properties>
    </artifact>
    <artifact classifier='binary' id='org.eclipse.mat.ui.rcp.feature_root' version='1.16.1.202501091339'>
      <properties size='1'>
        <property name='download.size' value='9428'/>
      </properties>
    </artifact>
    <artifact classifier='binary' id='org.eclipse.rcp_root' version='4.34.0.v20241120-1800'>
      <properties size='1'>
        <property name='download.size' value='20747'/>
      </properties>
    </artifact>
  </artifacts>
</repository>
