<?xml version="1.0" encoding="UTF-8"?>
<metadata modelVersion="1.1.0">
  <groupId>org.springframework.ai</groupId>
  <artifactId>spring-ai</artifactId>
  <version>1.0.0-SNAPSHOT</version>
  <versioning>
    <snapshot>
      <timestamp>20240910.120156</timestamp>
      <buildNumber>603</buildNumber>
    </snapshot>
    <lastUpdated>20240910120747</lastUpdated>
    <snapshotVersions>
      <snapshotVersion>
        <extension>pom</extension>
        <value>1.0.0-20240910.120156-603</value>
        <updated>20240910120156</updated>
      </snapshotVersion>
    </snapshotVersions>
  </versioning>
</metadata>
